ownerUsername,ownerFullName,ownerId,likesCount,videoPlayCount,igPlayCount,timestamp,paidPartnership,url
emmabee1235,Roro&兔兔的跑跳人生,2400790644,-1,,,2026-08-26T03:11:00.000Z,false,https://www.instagram.com/p/DcfN03ToCyC/
emmabee1235,Roro&兔兔的跑跳人生,2400790644,-1,41,41,2026-08-25T04:52:15.000Z,false,https://www.instagram.com/p/Dcc0dBBtEJb/
emmabee1235,Roro&兔兔的跑跳人生,2400790644,-1,,,2026-08-25T02:52:37.000Z,false,https://www.instagram.com/p/Dccm7W_IBYi/
emmabee1235,Roro&兔兔的跑跳人生,2400790644,314,,,2026-06-26T03:17:10.000Z,false,https://www.instagram.com/p/DaCKCseIBNb/
lauralove0305,蘿拉女孩愛分享🌟,25451165556,144,771,521,2026-08-24T13:34:32.000Z,false,https://www.instagram.com/p/DcbLhZAzvqd/
op__do,Lynn｜美食｜團購｜生活,1946402364,415,2151,2151,2026-08-24T04:14:14.000Z,false,https://www.instagram.com/p/DcaLOlBBT7K/
yvette_0426,𝕐𝕧𝕖𝕥𝕥𝕖 于晨 ♥︎ ♡︎ 美食 保養 運動,28440085059,0,60,60,2026-08-22T04:39:04.000Z,false,https://www.instagram.com/p/DcVEr6gxTn3/
yvette_0426,𝕐𝕧𝕖𝕥𝕥𝕖 于晨 ♥︎ ♡︎ 美食 保養 運動,28440085059,0,43,43,2026-08-22T04:35:05.000Z,false,https://www.instagram.com/p/DcVELrnRr2o/
benwooooo,小樂 吳思賢 / Ben Wooooo,241829422,2623,,,2026-08-20T16:48:26.000Z,false,https://www.instagram.com/p/DcROmtFE1nc/
yvette_0426,𝕐𝕧𝕖𝕥𝕥𝕖 于晨 ♥︎ ♡︎ 美食 保養 運動,28440085059,0,61,61,2026-08-20T00:45:41.000Z,false,https://www.instagram.com/p/DcPgZtFJ9qm/
yvette_0426,𝕐𝕧𝕖𝕥𝕥𝕖 于晨 ♥︎ ♡︎ 美食 保養 運動,28440085059,0,57,57,2026-08-20T00:27:15.000Z,false,https://www.instagram.com/p/DcPeNRAJ8qV/
brianwu_1112,吳尚澤 Brian Wu,1553106509,113,,,2026-08-18T08:33:18.000Z,false,https://www.instagram.com/p/DcLMWbjkdjX/
yxw_daily,Lynn,24755289704,1559,26904,26904,2026-08-14T09:01:15.000Z,false,https://www.instagram.com/p/DcA7vIeRaNg/
yvette_0426,𝕐𝕧𝕖𝕥𝕥𝕖 于晨 ♥︎ ♡︎ 美食 保養 運動,28440085059,0,88,88,2026-08-16T04:22:22.000Z,false,https://www.instagram.com/p/DcFmBGTxIQp/
chiu2239_back,Max ｜在唸營養系的健身教練｜帳號重啟,56066043946,1202,74264,61015,2026-08-14T13:08:30.000Z,false,https://www.instagram.com/p/DcBYU-3TA06/
97.yuzu,煙卷🍡 開箱 • 美食 • 旅遊,47493833639,-1,5857,5857,2026-08-14T11:33:33.000Z,false,https://www.instagram.com/p/DcBNplCTZ9P/
yvette_0426,𝕐𝕧𝕖𝕥𝕥𝕖 于晨 ♥︎ ♡︎ 美食 保養 運動,28440085059,0,87,87,2026-08-14T09:12:41.000Z,false,https://www.instagram.com/p/DcA9nTGJvi6/
yvette_0426,𝕐𝕧𝕖𝕥𝕥𝕖 于晨 ♥︎ ♡︎ 美食 保養 運動,28440085059,0,91,91,2026-08-14T09:11:14.000Z,false,https://www.instagram.com/p/DcA9b8UJf-o/
moon.0215,Moon 沐木🌛,7292070233,506,14787,14787,2026-08-14T05:04:23.000Z,true,https://www.instagram.com/p/DcAhGs1StXq/
yvette_0426,𝕐𝕧𝕖𝕥𝕥𝕖 于晨 ♥︎ ♡︎ 美食 保養 運動,28440085059,0,78,78,2026-08-14T04:38:48.000Z,false,https://www.instagram.com/p/DcAeIN1RuHp/
lbstivipin,Vipin Vipin,5464936194,1,166,143,2026-08-13T11:27:27.000Z,false,https://www.instagram.com/p/Db-oQn1Psbh/
yvette_0426,𝕐𝕧𝕖𝕥𝕥𝕖 于晨 ♥︎ ♡︎ 美食 保養 運動,28440085059,1,113,113,2026-08-11T14:37:10.000Z,false,https://www.instagram.com/p/Db50W82JDIv/
yvette_0426,𝕐𝕧𝕖𝕥𝕥𝕖 于晨 ♥︎ ♡︎ 美食 保養 運動,28440085059,1,120,120,2026-08-11T00:54:26.000Z,false,https://www.instagram.com/p/Db4WPnQpTTG/
yvette_0426,𝕐𝕧𝕖𝕥𝕥𝕖 于晨 ♥︎ ♡︎ 美食 保養 運動,28440085059,0,131,131,2026-08-11T00:53:47.000Z,false,https://www.instagram.com/p/Db4WK8ZphK3/
yvette_0426,𝕐𝕧𝕖𝕥𝕥𝕖 于晨 ♥︎ ♡︎ 美食 保養 運動,28440085059,372,16098,16098,2026-08-10T04:16:29.000Z,false,https://www.instagram.com/p/Db2IbVeJy0n/
sali8339,路易Yi💥,5656759344,14,,,2026-08-08T01:35:47.000Z,false,https://www.instagram.com/p/DbwsnqgmfWx/
bosheng0919,升,11340833685,462,,,2026-08-03T07:00:36.000Z,false,https://www.instagram.com/p/DbkZ0aPke47/
op__do,Lynn｜美食｜團購｜生活,1946402364,-1,,,2026-08-01T12:32:44.000Z,false,https://www.instagram.com/p/Dbf2POflFpF/
panpan_ifbbwellnesspro,潘潘教練❤️自然健美｜健身｜嬋柔,58352935413,40,1593,1593,2026-07-31T15:53:25.000Z,false,https://www.instagram.com/p/DbdoWqmSgPb/
donuts0118,多娜醬🎀是媽媽🎀,5424059167,69,,,2026-07-30T11:27:58.000Z,false,https://www.instagram.com/p/DbalPEhkS7A/
moon.0215,Moon 沐木🌛,7292070233,-1,,,2026-07-29T14:16:43.000Z,false,https://www.instagram.com/p/DbYTwKxEoQy/
kxpilates.taiwan,KX Pilates Taiwan,44302437336,1,1231,1231,2026-07-25T04:23:55.000Z,false,https://www.instagram.com/p/DbM8rXSTea6/
kxpilates.taiwan,KX Pilates Taiwan,44302437336,11,,,2026-07-27T10:00:04.000Z,false,https://www.instagram.com/p/DbSszppEzj_/
eatsome_0216,食評紀錄✍🏻 | 記錄各種美食🥰,64714437372,50,2448,2448,2026-07-28T11:12:40.000Z,false,https://www.instagram.com/p/DbNzmD8Rc6j/
rosie0807_2020,營養師 柔綺Rosie🌹,1468784999,38,1043,1043,2026-07-25T10:24:29.000Z,false,https://www.instagram.com/p/DbNl9XfxmZb/
kxpilates.taiwan,KX Pilates Taiwan,44302437336,20,,,2026-07-23T04:00:01.000Z,false,https://www.instagram.com/p/DbHwbJ5E-nY/
kure._.76,Kure,64119748670,183,7821,7821,2026-07-23T06:33:05.000Z,false,https://www.instagram.com/p/DbIBug6yGBU/
coach_ming_teach,茗教練｜永和區｜健身教練｜自由教練｜訓練動作分析,40949176620,23,2203,1789,2026-07-22T04:00:26.000Z,false,https://www.instagram.com/p/DbFLRAfz8kn/
lauralove0305,蘿拉女孩愛分享🌟,25451165556,308,,,2026-07-20T13:51:25.000Z,false,https://www.instagram.com/p/DbBFtBVE_m-/
sali8339,路易Yi💥,5656759344,11,1126,1126,2026-07-19T16:04:21.000Z,false,https://www.instagram.com/p/Da-v74rzS7N/
clare_hsiao621,Clare Hsiao,55099536,-1,,,2026-07-19T09:51:41.000Z,false,https://www.instagram.com/p/Da-FeRlAQbD/
fullsugarqueen,"",65158466679,26,4199,4199,2026-07-18T13:49:05.000Z,false,https://www.instagram.com/p/Da77YMmx7oZ/
fairyclaire,𝙲𝚕𝚊𝚒𝚛𝚎,1772723,-1,1983,1983,2026-07-16T13:01:07.000Z,false,https://www.instagram.com/p/Da2sOdxSX6t/
canyon_fitlife,Canyon ｜ 教練CY的獨語.,588616293,10,720,720,2026-07-15T11:57:03.000Z,false,https://www.instagram.com/p/Daz_8qDBZ2A/
yxw_daily,Lynn,24755289704,1318,27655,27655,2026-07-15T06:39:35.000Z,false,https://www.instagram.com/p/DazbdpDxxfr/
foodmenhk,無糖蛋糕｜低卡零食｜增肌減脂 ｜低醣/生酮飲食｜台灣蛋白粉|台灣寶寶食品｜BB食品,36427843162,20,3595,3595,2026-07-14T09:18:06.000Z,false,https://www.instagram.com/p/DaxIzvQpX5F/
hungkai.c,Steve,7674161987,7823,341975,213389,2026-07-11T10:56:22.000Z,false,https://www.instagram.com/p/DaplxJ3gxJv/
chungpeibei,Doris C.🐈｜台中女教練｜體態改造｜皮拉提斯,374869166,-1,1257,1257,2026-07-11T06:51:20.000Z,false,https://www.instagram.com/p/DapKCE7h6FI/
3cpay_16888,"",34901566081,0,,,2026-07-11T03:17:28.000Z,false,https://www.instagram.com/p/Daox1-gTNZT/
joosiemanboo,Josie,1474887540,-1,,,2026-07-10T13:38:06.000Z,false,https://www.instagram.com/p/DanUOuAk5Hf/
777wei_,七七,1097336108,499,,,2026-07-08T13:32:10.000Z,false,https://www.instagram.com/p/DaiJ9gClIxQ/
goblin_powerlifter,健力地精-阿維🐒,1697053360,280,7757,7500,2026-07-08T09:18:11.000Z,false,https://www.instagram.com/p/Dahr21vhdjK/
moon.0215,Moon 沐木🌛,7292070233,-1,,,2026-07-07T22:18:34.000Z,false,https://www.instagram.com/p/DaghaFOk1fH/
andy200962,皮蛋-吳家毓｜游泳教練,2189627729,858,17871,17871,2026-07-03T11:01:04.000Z,false,https://www.instagram.com/p/DaVAdsQSTn8/
o_omikilove,MMiki kuo,248950448,-1,,,2026-07-03T10:25:09.000Z,false,https://www.instagram.com/p/DaU8lYBEy2O/
_honest_sports,誠實運動Honest Sports ｜ 物理治療 ｜矯正運動 ｜顳顎關節 ｜,16336044527,27,2043,2043,2026-07-01T16:13:39.000Z,false,https://www.instagram.com/p/DaQZwYWJKt2/
hans_up25,Hans,716153538,321,,,2026-06-30T14:53:37.000Z,false,https://www.instagram.com/p/DaNs7Ggk2Uz/
lauralove0305,蘿拉女孩愛分享🌟,25451165556,340,,,2026-06-30T13:01:47.000Z,false,https://www.instagram.com/p/DaNgH9eE5I4/
touyaxiao,Touya  Xiao,1529927076,282,,,2026-06-30T12:24:55.000Z,false,https://www.instagram.com/p/DaNbb24B1ZP/
eatsome_0216,食評紀錄✍🏻 | 記錄各種美食🥰,64714437372,-1,2661,2661,2026-06-12T04:24:34.000Z,false,https://www.instagram.com/p/DZZ66LLxJUd/
fanmcgee,范士恩 McGee,527653428,87,,,2026-06-29T12:46:39.000Z,false,https://www.instagram.com/p/DaK5mRDCW1w/
andy200962,皮蛋-吳家毓｜游泳教練,2189627729,924,,,2026-06-28T14:02:56.000Z,false,https://www.instagram.com/p/DaIdiIBFNVi/
donuts0118,多娜醬🎀是媽媽🎀,5424059167,120,,,2026-06-28T13:19:07.000Z,false,https://www.instagram.com/p/DaIYhPtkZrH/
ellie.happyeatnfit,Ellie 艾莉,48916899814,-1,3456,3456,2026-06-28T12:49:50.000Z,false,https://www.instagram.com/p/DaIVHfSBiG5/
panpan_ifbbwellnesspro,潘潘教練❤️自然健美｜健身｜嬋柔,58352935413,71,3301,3301,2026-06-25T09:23:08.000Z,false,https://www.instagram.com/p/DaAO012yUfP/
andy200962,皮蛋-吳家毓｜游泳教練,2189627729,738,19399,19399,2026-06-25T01:35:51.000Z,false,https://www.instagram.com/p/DZ_ZT8qhIB3/
jimwei__,Jim,288913640,231,23518,23518,2026-06-24T10:29:49.000Z,false,https://www.instagram.com/p/DZ9xXEzp9xe/
emmabee1235,Roro&兔兔的跑跳人生,2400790644,189,,,2026-06-22T14:55:53.000Z,false,https://www.instagram.com/p/DZ5G0s4oD_p/
emmabee1235,Roro&兔兔的跑跳人生,2400790644,-1,283,283,2026-06-22T12:06:25.000Z,false,https://www.instagram.com/p/DZ4zQowRSuW/
_uin_en,欒妤雯,1743393075,169,,,2026-06-22T06:55:33.000Z,false,https://www.instagram.com/p/DZ4P2rlIGAB/
fairyclaire,𝙲𝚕𝚊𝚒𝚛𝚎,1772723,-1,684,684,2026-06-21T14:56:35.000Z,false,https://www.instagram.com/p/DZ2h4eXShBK/
liwen_chang0227_,張瓈文장려문 Li wen🐠🐠,493882637,909,,,2026-06-21T08:41:01.000Z,false,https://www.instagram.com/p/DZ13IPXiV6U/
ainya_fitness,Ainya | 內湖健身教練⁠,341193556,32,2738,2237,2026-06-18T14:40:53.000Z,false,https://www.instagram.com/p/DZuxpLShH2O/
ellie.happyeatnfit,Ellie 艾莉,48916899814,-1,3934,3934,2026-06-17T23:29:30.000Z,false,https://www.instagram.com/p/DZtI65ezn2M/
frank_hu_,Frank Hu,1562363252,262,,,2026-06-17T12:45:41.000Z,false,https://www.instagram.com/p/DZr_4TSvd3C/
roger_wang1224,王家暉 ᎡᎾᏩᎬᎡ €健身教練,520301463,102,2573,2227,2026-06-17T04:45:29.000Z,false,https://www.instagram.com/p/DZrIoVsOPVj/
coco__0531,何芯🌺Coco,304251440,422,14403,14403,2026-06-16T14:03:49.000Z,false,https://www.instagram.com/p/DZpj9b7zqr-/
xuan_0814,黃宏軒 Xuan,465954204,3440,,,2026-06-16T10:07:18.000Z,false,https://www.instagram.com/p/DZpJB1mD9kn/
st9161002,史丹,1064260256,342,17567,11730,2026-06-14T23:48:32.000Z,false,https://www.instagram.com/p/DZldHyMvTGR/
tzuching1212,晴Ching,146054456,-1,,,2026-06-14T16:10:10.000Z,false,https://www.instagram.com/p/DZko9x4CY_w/
jt620123,Joe.Tsai,640746260,369,,,2026-06-14T11:44:56.000Z,false,https://www.instagram.com/p/DZkKnLAgbXf/
rosie0807_2020,營養師 柔綺Rosie🌹,1468784999,-1,,,2026-06-14T11:19:59.000Z,false,https://www.instagram.com/p/DZkHwbvEWkO/
o_omikilove,MMiki kuo,248950448,-1,,,2026-06-14T09:08:06.000Z,false,https://www.instagram.com/p/DZj4qdPk3eo/
iam_dodson,Dodson,563454505,4918,102527,102527,2026-06-14T08:08:36.000Z,false,https://www.instagram.com/p/DZjwttZvrQB/
allen0062,Allen,715938090,1701,,,2026-06-13T10:42:28.000Z,false,https://www.instagram.com/p/DZheqyjk6a7/
shao_ting,高紹庭 營養師,338572178,226,13379,11802,2026-06-13T09:31:03.000Z,false,https://www.instagram.com/p/DZhVlyRBOEJ/
i77peach,愛七桃 ❤️7️⃣🍑,313947968,145,6546,6546,2026-06-13T07:24:46.000Z,false,https://www.instagram.com/p/DZhHzIIN4sT/
yxw_daily,Lynn,24755289704,2487,64564,64564,2026-06-12T04:37:50.000Z,false,https://www.instagram.com/p/DZeP7CHR3Qo/
pennyfoodmap0419,Penny lives to eat💗,8493119311,81,,,2026-06-12T04:31:40.000Z,false,https://www.instagram.com/p/DZePcHXGPxH/
caroline.chuchu,豬豬 Caroline,6169893105,-1,18442,18442,2026-06-12T03:12:37.000Z,false,https://www.instagram.com/p/DZeGDJRzgZK/
satou___kazuma__,佐藤和真,4230462575,-1,,,2026-06-11T13:47:18.000Z,false,https://www.instagram.com/p/DZcqOulkgD_/
mingtianyou,阿田,1742772273,1894,,,2026-06-11T13:32:17.000Z,false,https://www.instagram.com/p/DZcog07mSBI/
edwu_1216,Edward Wu,591208309,678,,,2026-06-11T11:51:39.000Z,false,https://www.instagram.com/p/DZcc_trieka/
heycornn,玉米🌽✖️CORN,418792771,1290,,,2026-06-11T10:32:50.000Z,false,https://www.instagram.com/p/DZcT-asEdEQ/
vvn124,薇安Vivian｜愛跑步那個薇安,336690715,447,,,2026-06-10T13:55:42.000Z,false,https://www.instagram.com/p/DZaGZVUmKIp/
freddiehung,Freddie Hung,478836625,294,,,2026-06-10T13:36:34.000Z,false,https://www.instagram.com/p/DZaENOWj43G/
i77peach,愛七桃 ❤️7️⃣🍑,313947968,156,,,2026-06-09T17:37:30.000Z,false,https://www.instagram.com/p/DZX6_DHE8r3/
kevintai_dwt,Kevin T. 戴凱文,25125645,1719,,,2026-06-09T14:42:18.000Z,false,https://www.instagram.com/p/DZXm72qIAiD/
hugotang0505,Hugo Tang 휴고 탕,229205720,2465,,,2026-06-09T09:43:23.000Z,false,https://www.instagram.com/p/DZXEui9iVfK/
kyo__huang,ᴋʏᴏ髮型設計師𝐱男神製造機𝐱線條燙𝐱毛流矯正𝐱男生髮型 ｜Kyo Huang,1735107,-1,,,2026-06-08T15:11:27.000Z,false,https://www.instagram.com/p/DZVFefuHScE/
sali8339,路易Yi💥,5656759344,17,,,2026-06-08T14:39:15.000Z,false,https://www.instagram.com/p/DZVByrlFBKO/
freddiehung,Freddie Hung,478836625,353,,,2026-06-08T13:15:34.000Z,false,https://www.instagram.com/p/DZU4Ntnj1kb/
carltim521,卡丁,577664434,1072,,,2026-06-08T11:43:37.000Z,false,https://www.instagram.com/p/DZUtsRiIKja/
kevintai_dwt,Kevin T. 戴凱文,25125645,2066,,,2026-06-07T10:21:57.000Z,false,https://www.instagram.com/p/DZR_jNGIJeB/
jeannie1210666,靖雯🐔 Jeannie,2114505050,1356,130793,100092,2026-06-08T13:00:11.000Z,false,https://www.instagram.com/p/DZU2cjbyqiL/
andy200962,皮蛋-吳家毓｜游泳教練,2189627729,949,,,2026-06-08T08:38:03.000Z,false,https://www.instagram.com/p/DZUYdJ5FP3I/
taohsuanliu,劉道玄 MAX LIU,53726833,2803,,,2026-06-07T14:42:12.000Z,false,https://www.instagram.com/p/DZSdVU9mFDB/
tiff_yang0129,Tɪғғ ʏᴀɴɢ 🇹🇼|🇵🇭,1378916942,1654,,,2026-06-08T08:12:40.000Z,false,https://www.instagram.com/p/DZUVjL7kw-t/
yxw_daily,Lynn,24755289704,2133,45151,45151,2026-06-07T01:12:15.000Z,false,https://www.instagram.com/p/DZQ7qhqTuaw/
ainya_fitness,Ainya | 內湖健身教練⁠,341193556,176,,,2026-06-07T17:48:39.000Z,false,https://www.instagram.com/p/DZSyq7LmFh5/
i77peach,愛七桃 ❤️7️⃣🍑,313947968,107,8959,8959,2026-06-07T15:15:18.000Z,false,https://www.instagram.com/p/DZSe3c8NpPj/
ellie.happyeatnfit,Ellie 艾莉,48916899814,-1,,,2026-06-07T14:20:00.000Z,false,https://www.instagram.com/p/DZSayt_GDAw/
bobeyiyi,陳伊¹ ¹ 🌈,314907515,-1,76781,76781,2026-06-07T03:27:33.000Z,false,https://www.instagram.com/p/DZRP9BYuucd/
chiuchiu1218,邱求新 MoDeL . OotD . LiFE . Fitness Trainer,2158542024,544,,,2026-06-06T11:11:48.000Z,false,https://www.instagram.com/p/DZPgdcbkS44/
mark.gucci,Mark Lin,1627341014,-1,,,2026-06-05T12:49:51.000Z,false,https://www.instagram.com/p/DZNGxNuTsGe/
coach_ming_teach,茗教練｜永和區｜健身教練｜自由教練｜訓練動作分析,40949176620,12,1106,830,2026-06-03T04:03:43.000Z,false,https://www.instagram.com/p/DZHAy6ZTpa_/
louis_0513,皮皮,1537041917,81,3323,2851,2026-06-03T01:07:38.000Z,false,https://www.instagram.com/p/DZGsT-UBQZW/
yxw_daily,Lynn,24755289704,5194,168815,168815,2026-06-01T09:06:08.000Z,false,https://www.instagram.com/p/DZCGZlZRqBA/
unique.huang,黃冠瑜,1429793646,2950,,,2026-05-31T11:41:52.000Z,false,https://www.instagram.com/p/DZAHIcbCeY7/
lion_long_gym,Lion🦁️｜雙北自由健身教練｜健體運動員,28151738325,40,2373,2371,2026-05-31T08:49:44.000Z,false,https://www.instagram.com/p/DY_ycqMRPOC/
kaye_lic,Kaye,1499356399,217,,,2026-05-31T02:35:35.000Z,false,https://www.instagram.com/p/DY_IiUmvtkq/
panpan_ifbbwellnesspro,潘潘教練❤️自然健美｜健身｜嬋柔,58352935413,74,3246,3246,2026-05-30T15:23:15.000Z,false,https://www.instagram.com/p/DY97KHISLCr/
pei_yao_,Pei Yao ｜我是多莉魚🐟🐟,483073087,106,8039,6770,2026-05-30T04:25:04.000Z,false,https://www.instagram.com/p/DY8wFiXRXqH/
40sth_chase,Chris Lam,63935176795,2,,,2026-05-30T01:46:55.000Z,false,https://www.instagram.com/p/DY8dPbWyfiy/
lauralove0305,蘿拉女孩愛分享🌟,25451165556,336,,,2026-05-28T11:24:17.000Z,false,https://www.instagram.com/p/DY4Wu-sk8jj/
liwen_chang0227_,張瓈文장려문 Li wen🐠🐠,493882637,92,6039,6039,2026-05-27T14:57:40.000Z,false,https://www.instagram.com/p/DY2J12tp6f4/
fairyclaire,𝙲𝚕𝚊𝚒𝚛𝚎,1772723,-1,,,2026-05-24T14:28:05.000Z,false,https://www.instagram.com/p/DYuYls1Emkk/
kevin0204660,莊酷炫,1247496433,18143,865467,804717,2026-05-24T11:45:10.000Z,false,https://www.instagram.com/p/DYuFjjbxIES/
haaaa.4,ᴊᴏᴀɴɴᴇ,384466744,438,,,2026-05-22T16:02:52.000Z,false,https://www.instagram.com/p/DYpZ2IpiVfX/
tedopher_tw,Ted,7138062326,401,8486,7774,2026-05-22T10:02:22.000Z,false,https://www.instagram.com/p/DYowOWZpIaF/
yxw_daily,Lynn,24755289704,1595,66068,66068,2026-05-19T04:32:35.000Z,false,https://www.instagram.com/p/DYgb6WUSYax/
kure._.76,Kure,64119748670,383,9989,9989,2026-05-19T03:41:59.000Z,false,https://www.instagram.com/p/DYgWjqpSKD2/
ainya_fitness,Ainya | 內湖健身教練⁠,341193556,55,,,2026-05-17T16:52:06.000Z,false,https://www.instagram.com/p/DYcngZamHIR/
emmabee1235,Roro&兔兔的跑跳人生,2400790644,-1,458,458,2026-05-16T15:31:41.000Z,false,https://www.instagram.com/p/DYZ5O4XMyFC/
carlodar.97,Carlo d'Argenzio,3545011926,92,,,2026-05-14T18:40:16.000Z,false,https://www.instagram.com/p/DYVFgE5jBWj/
emmabee1235,Roro&兔兔的跑跳人生,2400790644,-1,438,438,2026-05-14T14:27:36.000Z,false,https://www.instagram.com/p/DYUohGFBYvA/
__minzy.__,Minzy 민지,297501249,145,5934,5552,2026-05-13T15:59:04.000Z,false,https://www.instagram.com/p/DYSMPbKvtAF/
ko._0709,柯宗甫,2208596444,794,,,2026-05-07T14:40:26.000Z,false,https://www.instagram.com/p/DYCofRUj2I8/
jellykun5,KADEN,14542913916,67,1851,1851,2026-05-12T02:53:14.000Z,false,https://www.instagram.com/p/DYOPeYWNvpZ/
mark.gucci,Mark Lin,1627341014,-1,,,2026-05-11T05:42:19.000Z,false,https://www.instagram.com/p/DYL941RE7Xd/
o_omikilove,MMiki kuo,248950448,-1,,,2026-05-10T11:54:26.000Z,false,https://www.instagram.com/p/DYKD4EPk4xU/
queena_caiyi,𝗤𝘂𝗲𝗲𝗻𝗮,52959738124,94,2017,1341,2026-05-10T02:30:00.000Z,false,https://www.instagram.com/p/DYJDSPMzAS3/
sali8339,路易Yi💥,5656759344,19,,,2026-05-08T14:24:01.000Z,false,https://www.instagram.com/p/DYFLZ9Qkp09/
hungkai.c,Steve,7674161987,17775,519124,471540,2026-05-01T04:18:20.000Z,false,https://www.instagram.com/p/DXyD0i4gsRt/
rosie0807_2020,營養師 柔綺Rosie🌹,1468784999,-1,,,2026-05-06T12:00:00.000Z,false,https://www.instagram.com/p/DX_dW1nAfGd/
louis_0513,皮皮,1537041917,127,,,2026-05-06T11:33:43.000Z,false,https://www.instagram.com/p/DX_uU0vgbCW/
eatsome_0216,食評紀錄✍🏻 | 記錄各種美食🥰,64714437372,50,,,2026-05-04T16:04:38.000Z,false,https://www.instagram.com/p/DX7DvXPGMN6/
emmabee1235,Roro&兔兔的跑跳人生,2400790644,262,,,2025-09-03T03:39:46.000Z,false,https://www.instagram.com/p/DOIBVMPj15v/
emmabee1235,Roro&兔兔的跑跳人生,2400790644,-1,706,706,2025-11-06T14:46:54.000Z,false,https://www.instagram.com/p/DQuAczUD-Ik/
emmabee1235,Roro&兔兔的跑跳人生,2400790644,193,,,2026-05-04T15:14:21.000Z,false,https://www.instagram.com/p/DX69_IvDwws/
bryan841024,劉丞恩|恩恩教練|跑步教練,227597603,317,,,2026-05-01T11:09:35.000Z,false,https://www.instagram.com/p/DXyzlxaD5vO/
imdoudoubara,𝐃ory®🐻多多巴拉,373488568,372,,,2026-05-01T09:31:39.000Z,false,https://www.instagram.com/p/DXyoYZmiVBC/
bombomtae,Jamie潔米,7604467588,-1,,,2026-04-30T13:13:57.000Z,false,https://www.instagram.com/p/DXwdBz6mStk/
yx___w,Lynn｜翔翔,461205750,2163,94220,94220,2026-04-30T10:10:17.000Z,false,https://www.instagram.com/p/DXvr8Joynwo/
eatsome_0216,食評紀錄✍🏻 | 記錄各種美食🥰,64714437372,40,,,2026-04-30T03:15:00.000Z,false,https://www.instagram.com/p/DXvYgNVgf2o/
unique.huang,黃冠瑜,1429793646,1322,,,2026-04-29T12:00:03.000Z,false,https://www.instagram.com/p/DXtv4fPiWBt/
foodfood_wei,葳wei的胃256G 🍩美食旅遊分享·台中美食,5666990396,92,,,2026-04-29T09:27:40.000Z,false,https://www.instagram.com/p/DXteVhyElPA/
kc_hsu1xx8,Keng Chia,2950935300,803,,,2026-04-27T12:01:41.000Z,false,https://www.instagram.com/p/DXomX3WlN2P/
fairyclaire,𝙲𝚕𝚊𝚒𝚛𝚎,1772723,-1,,,2026-04-25T07:35:25.000Z,false,https://www.instagram.com/p/DXi-T1ckuhF/
lauralove0305,蘿拉女孩愛分享🌟,25451165556,321,,,2026-04-24T14:18:01.000Z,false,https://www.instagram.com/p/DXhHlx6ky66/
777wei_,七七,1097336108,463,,,2026-04-24T13:37:47.000Z,false,https://www.instagram.com/p/DXhC_HOFBxf/
lion_long_gym,Lion🦁️｜雙北自由健身教練｜健體運動員,28151738325,18,1581,1580,2026-04-23T15:39:21.000Z,false,https://www.instagram.com/p/DXerAyeEd5w/
queena_caiyi,𝗤𝘂𝗲𝗲𝗻𝗮,52959738124,124,,,2026-01-14T01:02:43.000Z,false,https://www.instagram.com/p/DTeNFRGE5_g/
realrank_foodie,兩個女孩の食話食說丨台北 台中 新竹 美食 旅遊 團購,38234108742,491,,,2026-04-20T14:06:51.000Z,false,https://www.instagram.com/p/DXWzIfJiYN0/
2happylifeday,JZ.Jo想吃｜吃喝玩樂報好康🍯,4624626795,-1,,,2026-04-18T01:43:02.000Z,false,https://www.instagram.com/p/DXQUa1tAaq9/
cc._.eating,西西の飲控日常📗,65569046817,13,,,2026-04-16T15:56:43.000Z,false,https://www.instagram.com/p/DXMshl-Etoh/
hans_up25,Hans,716153538,548,,,2026-04-15T13:17:00.000Z,false,https://www.instagram.com/p/DXJ1c8vE0f_/
jing_914,靜香𝐀ᩚ𝐛𝐛𝐢𝐞˚⊹ ᰔ |  台北女教練 北投·士林·天母,214937095,-1,,,2026-04-15T07:45:59.000Z,false,https://www.instagram.com/p/DXJPkh4CedC/
o_omikilove,MMiki kuo,248950448,256,14733,14733,2026-04-15T04:21:39.000Z,false,https://www.instagram.com/p/DXI3kwBySWz/
yvette_0426,𝕐𝕧𝕖𝕥𝕥𝕖 于晨 ♥︎ ♡︎ 美食 保養 運動,28440085059,0,150,150,2026-04-15T00:35:07.000Z,false,https://www.instagram.com/p/DXIePGLiXK_/
yvette_0426,𝕐𝕧𝕖𝕥𝕥𝕖 于晨 ♥︎ ♡︎ 美食 保養 運動,28440085059,0,217,217,2026-04-15T00:34:17.000Z,false,https://www.instagram.com/p/DXIeBhJibeE/
kure._.76,Kure,64119748670,62,3821,3821,2026-04-14T14:41:51.000Z,false,https://www.instagram.com/p/DXHaGT3kwDz/
onniguai,張小乖Chloe,506778457,24,1543,1543,2026-04-13T03:57:14.000Z,false,https://www.instagram.com/p/DXDrm-riBe8/
derekblockchain,Derek Lee,526336499,1134,,,2026-04-12T14:32:37.000Z,false,https://www.instagram.com/p/DXCPDCSDhkL/
cathy_potato,凱西 馬鈴薯🥔 ℒ𝓊 𝒳𝓊𝒶𝓃,7929052775,-1,,,2026-04-10T17:04:37.000Z,false,https://www.instagram.com/p/DW9XhsNjx95/
yvette_0426,𝕐𝕧𝕖𝕥𝕥𝕖 于晨 ♥︎ ♡︎ 美食 保養 運動,28440085059,0,128,128,2026-04-10T00:17:46.000Z,false,https://www.instagram.com/p/DW7kQ1GE701/
yvette_0426,𝕐𝕧𝕖𝕥𝕥𝕖 于晨 ♥︎ ♡︎ 美食 保養 運動,28440085059,0,350,350,2026-04-10T00:16:56.000Z,false,https://www.instagram.com/p/DW7kCUfE0e_/
max_you_1208,子儀 游,262758267,48,,,2026-04-09T12:56:36.000Z,false,https://www.instagram.com/p/DW6WKJbADBu/
chen_yi_syun,陳裔勳 Ian,200363693,14,1963,1939,2026-04-08T14:05:22.000Z,false,https://www.instagram.com/p/DW35UmaCeoC/
yvette_0426,𝕐𝕧𝕖𝕥𝕥𝕖 于晨 ♥︎ ♡︎ 美食 保養 運動,28440085059,0,73,73,2026-04-07T14:00:28.000Z,false,https://www.instagram.com/p/DW1UAOUCXE5/
yvette_0426,𝕐𝕧𝕖𝕥𝕥𝕖 于晨 ♥︎ ♡︎ 美食 保養 運動,28440085059,0,134,134,2026-04-07T13:59:16.000Z,false,https://www.instagram.com/p/DW1TvJ5iZbp/
louis_0513,皮皮,1537041917,125,,,2026-04-07T04:39:26.000Z,false,https://www.instagram.com/p/DW0T3OmAXIe/
hungkai.c,Steve,7674161987,2982,115428,80849,2026-04-05T07:03:03.000Z,false,https://www.instagram.com/p/DWvaLD_iBnc/
yvette_0426,𝕐𝕧𝕖𝕥𝕥𝕖 于晨 ♥︎ ♡︎ 美食 保養 運動,28440085059,0,68,68,2026-04-07T00:52:19.000Z,false,https://www.instagram.com/p/DWz51olCcgx/
st9161002,史丹,1064260256,39,4384,3109,2026-04-06T23:43:30.000Z,false,https://www.instagram.com/p/DWzx4BRD2h3/
yvette_0426,𝕐𝕧𝕖𝕥𝕥𝕖 于晨 ♥︎ ♡︎ 美食 保養 運動,28440085059,344,,,2026-04-06T11:58:14.000Z,false,https://www.instagram.com/p/DWyhSOoiWUc/
yvette_0426,𝕐𝕧𝕖𝕥𝕥𝕖 于晨 ♥︎ ♡︎ 美食 保養 運動,28440085059,0,56,56,2026-04-06T11:49:33.000Z,false,https://www.instagram.com/p/DWygPRRiSB1/
yvette_0426,𝕐𝕧𝕖𝕥𝕥𝕖 于晨 ♥︎ ♡︎ 美食 保養 運動,28440085059,0,60,60,2026-04-06T11:48:48.000Z,false,https://www.instagram.com/p/DWygHzEicK8/
yvette_0426,𝕐𝕧𝕖𝕥𝕥𝕖 于晨 ♥︎ ♡︎ 美食 保養 運動,28440085059,0,174,174,2026-04-06T05:55:53.000Z,false,https://www.instagram.com/p/DWx3pkDkeXn/
yvette_0426,𝕐𝕧𝕖𝕥𝕥𝕖 于晨 ♥︎ ♡︎ 美食 保養 運動,28440085059,1,184,184,2026-04-06T05:49:55.000Z,false,https://www.instagram.com/p/DWx29GzkWub/
mark.gucci,Mark Lin,1627341014,-1,10256,9491,2026-04-03T06:56:09.000Z,false,https://www.instagram.com/p/DWqQDqxkzzM/
pei_yao_,Pei Yao ｜我是多莉魚🐟🐟,483073087,73,4951,3954,2026-04-02T13:46:07.000Z,false,https://www.instagram.com/p/DWoaOQxEiyL/
bnsooon,Benben｜班班,11413667,279,,,2026-04-02T08:01:53.000Z,false,https://www.instagram.com/p/DWnzDm4DuBP/
shunhuiz,𝐙𝐬𝐡,6357355834,1445,,,2026-04-01T10:48:43.000Z,false,https://www.instagram.com/p/DWlhWnEmLfY/
o.ccin,蘇蘇 すす,14334043775,1316,52485,45677,2026-04-01T09:56:22.000Z,false,https://www.instagram.com/p/DWlbLlbkZe9/
ellie.happyeatnfit,Ellie 艾莉,48916899814,-1,,,2026-04-01T01:12:10.000Z,false,https://www.instagram.com/p/DWkfX7PE_3f/
bombomtae,Jamie潔米,7604467588,-1,,,2026-03-30T13:43:37.000Z,false,https://www.instagram.com/p/DWgrx7KkqV0/
andy200962,皮蛋-吳家毓｜游泳教練,2189627729,532,,,2026-03-26T07:59:38.000Z,false,https://www.instagram.com/p/DWVxPB7lERW/
o.ccin,蘇蘇 すす,14334043775,1151,,,2026-03-25T05:49:37.000Z,false,https://www.instagram.com/p/DWS9j0UGsID/
stuffie_adventures1,Bella,76730563283,9,,,2026-03-24T16:30:51.000Z,false,https://www.instagram.com/p/DWRiJfyD4Uk/
charming_bastard___,王淳聲,401594137,397,,,2026-03-24T11:10:53.000Z,false,https://www.instagram.com/p/DWQ9XrTkU4h/
eat_meitingo,美食ㄘㄘ梅庭過～新竹美食 雙北美食 高雄美食 台中美食,23520635580,284,32782,29206,2026-03-23T08:35:04.000Z,false,https://www.instagram.com/p/DWOG1CIAqQL/
acrown508,Rick Tsai（狂）,52539871,215,,,2026-03-23T07:47:17.000Z,false,https://www.instagram.com/p/DWOBJxnk0lF/
hungkai.c,Steve,7674161987,4454,103939,86157,2026-03-21T11:45:56.000Z,false,https://www.instagram.com/p/DWJS_u9gCVd/
emmabee1235,Roro&兔兔的跑跳人生,2400790644,-1,1147,1147,2025-09-11T01:28:08.000Z,false,https://www.instagram.com/p/DOcYmAHj8tu/
emmabee1235,Roro&兔兔的跑跳人生,2400790644,254,,,2025-09-08T03:12:19.000Z,false,https://www.instagram.com/p/DOU2KiYD8Ki/
iamleontw89,Leon,1225961627,815,15591,15591,2026-03-21T00:30:00.000Z,false,https://www.instagram.com/p/DWIF1DOSdqU/
ainya_fitness,Ainya | 內湖健身教練⁠,341193556,45,1907,1451,2026-03-20T15:24:48.000Z,false,https://www.instagram.com/p/DWHDbGtgQoh/
op__do,Lynn｜美食｜團購｜生活,1946402364,978,8442,8442,2026-03-10T13:13:18.000Z,false,https://www.instagram.com/p/DVtGm7PgdjQ/
emmabee1235,Roro&兔兔的跑跳人生,2400790644,199,,,2026-03-17T15:19:13.000Z,false,https://www.instagram.com/p/DV_YYvAj594/
emmabee1235,Roro&兔兔的跑跳人生,2400790644,-1,1868,1868,2025-09-03T14:36:10.000Z,false,https://www.instagram.com/p/DOJMZv0j7qW/
emmabee1235,Roro&兔兔的跑跳人生,2400790644,278,113798,113798,2026-01-23T02:08:08.000Z,false,https://www.instagram.com/p/DT1ff5qjzOV/
emmabee1235,Roro&兔兔的跑跳人生,2400790644,-1,341,341,2026-01-21T14:48:40.000Z,false,https://www.instagram.com/p/DTxs4o7D7EV/
emmabee1235,Roro&兔兔的跑跳人生,2400790644,205,,,2026-01-20T04:44:46.000Z,false,https://www.instagram.com/p/DTuDQ5sj-6n/
emmabee1235,Roro&兔兔的跑跳人生,2400790644,-1,354,354,2025-12-26T12:11:54.000Z,false,https://www.instagram.com/p/DSuebMHD86g/
emmabee1235,Roro&兔兔的跑跳人生,2400790644,-1,335,335,2025-12-21T13:47:38.000Z,false,https://www.instagram.com/p/DShxUdKD7Gr/
emmabee1235,Roro&兔兔的跑跳人生,2400790644,-1,381,381,2025-12-16T06:26:10.000Z,false,https://www.instagram.com/p/DSUG9SpkUEz/
emmabee1235,Roro&兔兔的跑跳人生,2400790644,239,,,2025-12-15T15:24:31.000Z,false,https://www.instagram.com/p/DSSf3BejzKi/
emmabee1235,Roro&兔兔的跑跳人生,2400790644,-1,277,277,2025-12-15T15:21:32.000Z,false,https://www.instagram.com/p/DSSfe3FD6cb/
emmabee1235,Roro&兔兔的跑跳人生,2400790644,211,40946,40946,2025-12-17T09:26:43.000Z,false,https://www.instagram.com/p/DSXAYwhkYdz/
emmabee1235,Roro&兔兔的跑跳人生,2400790644,226,,,2025-11-03T14:17:45.000Z,false,https://www.instagram.com/p/DQmO1VEj2Ec/
emmabee1235,Roro&兔兔的跑跳人生,2400790644,-1,1190,1190,2025-10-31T14:56:19.000Z,false,https://www.instagram.com/p/DQek2I3D9im/
emmabee1235,Roro&兔兔的跑跳人生,2400790644,-1,660,660,2025-10-29T15:02:04.000Z,false,https://www.instagram.com/p/DQZbYSrjzSO/
emmabee1235,Roro&兔兔的跑跳人生,2400790644,212,,,2025-10-27T15:09:40.000Z,false,https://www.instagram.com/p/DQUTNbNjx98/
emmabee1235,Roro&兔兔的跑跳人生,2400790644,-1,1529,1504,2025-07-08T14:24:23.000Z,false,https://www.instagram.com/p/DL2ZlBShN3I/
emmabee1235,Roro&兔兔的跑跳人生,2400790644,-1,557,557,2025-09-14T03:35:39.000Z,false,https://www.instagram.com/p/DOkVkkLD3_1/
emmabee1235,Roro&兔兔的跑跳人生,2400790644,235,,,2025-07-03T02:29:29.000Z,false,https://www.instagram.com/p/DLoQAHhBi65/
777wei_,七七,1097336108,532,,,2026-03-17T14:24:10.000Z,false,https://www.instagram.com/p/DV_SFicFLZK/
hungkai.c,Steve,7674161987,23977,697615,452609,2026-02-14T04:46:44.000Z,false,https://www.instagram.com/p/DUual00ktIg/
hungkai.c,Steve,7674161987,10889,408723,172736,2026-03-15T05:33:02.000Z,false,https://www.instagram.com/p/DV5LmCWkVT0/
kc_hsu1xx8,Keng Chia,2950935300,1583,,,2026-03-16T11:41:41.000Z,false,https://www.instagram.com/p/DV8asl9Ek7f/
eatsome_0216,食評紀錄✍🏻 | 記錄各種美食🥰,64714437372,39,,,2026-03-16T08:16:06.000Z,false,https://www.instagram.com/p/DV8DK6XEjCx/
tearsgirl_0811,魚柔💖✨🐟,1504974167,-1,,,2026-03-12T04:36:00.000Z,false,https://www.instagram.com/p/DVxWzROEcIW/
coach_ming_teach,茗教練｜永和區｜健身教練｜自由教練｜訓練動作分析,40949176620,17,898,770,2026-03-11T12:57:27.000Z,false,https://www.instagram.com/p/DVvrJzHE758/
peggytravel197,Peggy | 醫美 旅遊 美食,1688793965,-1,,,2026-03-11T12:55:43.000Z,false,https://www.instagram.com/p/DVvrMeSEvFF/
cyyyc2003,張盈楹 CHANG Ying Ying,4118555054,62,,,2026-03-10T11:46:11.000Z,false,https://www.instagram.com/p/DVs-cR_kXsu/
pan_chien_chih,PAN CHIEN CHIH,10431223,1010,25391,25391,2026-03-09T16:02:16.000Z,false,https://www.instagram.com/p/DVq20CAk_mI/
cleo.721999,Cleo,2034609452,-1,5052,4955,2026-03-09T11:21:47.000Z,false,https://www.instagram.com/p/DVqWZzEEynb/
angel__calories,𝒜𝓃𝑔𝑒𝓁食物卡路里 ˙Ⱉ˙吃播開箱 ❘ 熱量 ❘ 飲控 ❘ 超商 ❘ 團購,53342369591,225,,,2026-03-09T09:09:35.000Z,false,https://www.instagram.com/p/DVqHueLkU7c/
bnsooon,Benben｜班班,11413667,118,,,2026-03-04T16:40:36.000Z,false,https://www.instagram.com/p/DVeDXX_E50E/
hungkai.c,Steve,7674161987,3389,93528,81141,2026-02-27T04:08:34.000Z,false,https://www.instagram.com/p/DVP1FnwEg8j/
looooouise._,蔡佳玲,1325981638,-1,,,2026-03-01T16:17:22.000Z,false,https://www.instagram.com/p/DVWSUnnjzhW/
blossom0402,屁屁Li,324623447,1799,54133,54133,2026-03-01T10:34:14.000Z,false,https://www.instagram.com/p/DVVqaR9EyUV/
haaaa.4,ᴊᴏᴀɴɴᴇ,384466744,-1,,,2026-02-28T15:59:36.000Z,false,https://www.instagram.com/p/DVTrfqICVsu/
panpan_ifbbwellnesspro,潘潘教練❤️自然健美｜健身｜嬋柔,58352935413,217,,,2026-02-28T15:26:50.000Z,false,https://www.instagram.com/p/DVTm-4nElb-/
shouyayaya,Shouya 修亞,1210744957,432,,,2026-02-28T12:55:05.000Z,false,https://www.instagram.com/p/DVTWYKZklkg/
lion_long_gym,Lion🦁️｜雙北自由健身教練｜健體運動員,28151738325,28,2228,2175,2026-02-28T11:57:35.000Z,false,https://www.instagram.com/p/DVTOPcEkcmB/
yanglee1717,Lee_Yang,10838922069,200,,,2026-02-27T14:32:12.000Z,false,https://www.instagram.com/p/DVQ8skiEu89/
eatsome_0216,食評紀錄✍🏻 | 記錄各種美食🥰,64714437372,46,,,2026-02-27T10:12:20.000Z,false,https://www.instagram.com/p/DVQe9T_Etu2/
thisisann6601,怡安,1319826244,36,,,2026-02-26T16:21:49.000Z,false,https://www.instagram.com/p/DVOkck_Ceg1/
fairyclaire,𝙲𝚕𝚊𝚒𝚛𝚎,1772723,-1,,,2026-02-22T11:27:18.000Z,false,https://www.instagram.com/p/DVDvj8kks7l/
melody_0731,Melody｜台北健身教練,793829098,93,6028,5017,2026-02-19T05:57:56.000Z,false,https://www.instagram.com/p/DU7bWZTk4c0/
iamleontw89,Leon,1225961627,1773,35843,35843,2026-02-13T04:43:44.000Z,false,https://www.instagram.com/p/DUr2Db1E43s/
lauralove0305,蘿拉女孩愛分享🌟,25451165556,332,,,2026-02-12T14:36:39.000Z,false,https://www.instagram.com/p/DUqVSGck9RO/
rm830802,Raymond  閻淯哲,335153848,-1,,,2026-02-12T09:17:44.000Z,false,https://www.instagram.com/p/DUpwyPtEzdz/
bbbbbbooooo8,木木Caitlyn,918379069,165,22561,22561,2026-02-06T05:20:29.000Z,false,https://www.instagram.com/p/DUZ4kpBk_bk/
iris_______siri,IRIS x 跟著波波邊跑邊吃,415521774,151,,,2026-02-03T13:13:29.000Z,false,https://www.instagram.com/p/DUTAaMtkqVN/
hungkai.c,Steve,7674161987,5237,181661,135667,2026-01-30T10:53:13.000Z,false,https://www.instagram.com/p/DUIdHxikt52/
unique.huang,黃冠瑜,1429793646,933,,,2026-01-31T14:32:04.000Z,false,https://www.instagram.com/p/DULbOD6iaS-/
afish_yu,Heina 魚魚,375654367,131,2533,2533,2026-01-31T14:02:50.000Z,false,https://www.instagram.com/p/DULXWMNE2-3/
eatsome_0216,食評紀錄✍🏻 | 記錄各種美食🥰,64714437372,46,,,2026-01-31T03:45:00.000Z,false,https://www.instagram.com/p/DUKRO9jEipP/
buloso_0428,不囉嗦發車囉x食旅日常🚘,50228683495,-1,,,2026-01-30T09:02:26.000Z,false,https://www.instagram.com/p/DUIQs3SEkb-/
luke_chennan,𝐋𝐮𝐤𝐞 𝐂𝐡𝐞𝐧,768328061,-1,,,2026-01-30T08:01:44.000Z,false,https://www.instagram.com/p/DUIJwSWkSjN/
johnsonlin.94,Johnson Lin 😊,308511445,603,,,2026-01-30T05:51:05.000Z,false,https://www.instagram.com/p/DUH6zXgkixa/
yujou__,柔柔 護理師｜變美實測,1251204041,257,15748,15748,2026-01-28T11:32:54.000Z,false,https://www.instagram.com/p/DUDYTjnkukI/
eatsome_0216,食評紀錄✍🏻 | 記錄各種美食🥰,64714437372,70,,,2026-01-27T08:10:31.000Z,false,https://www.instagram.com/p/DUAcYALEmhC/
jing_914,靜香𝐀ᩚ𝐛𝐛𝐢𝐞˚⊹ ᰔ |  台北女教練 北投·士林·天母,214937095,-1,,,2026-01-27T03:58:53.000Z,false,https://www.instagram.com/p/DT__lALCb0g/
bbdog_bogi,Bogi 波奇,60105117181,5098,,,2026-01-26T15:03:15.000Z,false,https://www.instagram.com/p/DT-mz_yE2O7/
777wei_,七七,1097336108,514,,,2026-01-26T11:59:42.000Z,false,https://www.instagram.com/p/DT-RzuNEqw1/
favorgirl1211,子鈴(偏心）,1057661427,669,,,2026-01-25T07:56:20.000Z,false,https://www.instagram.com/p/DT7RKTBE7Gn/
rui.miss,Miss 芮,3230075232,7,,,2026-01-23T07:33:59.000Z,false,https://www.instagram.com/p/DT2FA7tgTHP/
fvp_yt,劉彥廷𝒀𝒂𝒏,443881135,42,1397,1186,2026-01-23T02:45:48.000Z,false,https://www.instagram.com/p/DT1j0n2iT7K/
amisaddc,郭馨🌻台中健身教練l台中女教練,968800071,10327,1364233,10766,2026-01-22T15:40:24.000Z,false,https://www.instagram.com/p/DT0XurLEq-Q/
shenjenny,Jenny💗信義自由教練,2022077,48,3538,3538,2026-01-22T07:57:32.000Z,false,https://www.instagram.com/p/DTzixCUgfsX/
diane1111siskin,Diane🪽,7688641240,5,1059,853,2025-12-27T14:40:25.000Z,false,https://www.instagram.com/p/DSxUNZ4j7dN/
diane1111siskin,Diane🪽,7688641240,10,1104,805,2026-01-22T08:56:01.000Z,false,https://www.instagram.com/p/DTzoxccD9VT/
ddiet_oooo,🍽️飲食日記,68797487259,6,,,2026-01-22T02:07:01.000Z,false,https://www.instagram.com/p/DTy6zL8D2a5/
chelsea.chiang,Chelsea Chiang,2296386660,1205,57391,56716,2026-01-21T09:39:31.000Z,false,https://www.instagram.com/p/DTxJnCvEa78/
hungkai.c,Steve,7674161987,11275,240022,191527,2026-01-17T04:02:21.000Z,false,https://www.instagram.com/p/DTmPFLqkhIY/
jeannie1210666,靖雯🐔 Jeannie,2114505050,2787,139680,136002,2026-01-15T13:00:00.000Z,false,https://www.instagram.com/p/DTiECwjD7ox/
garyli0428,阿力｜台中健身教練,1679684635,35,1469,1449,2026-01-15T10:05:51.000Z,false,https://www.instagram.com/p/DThu8WuDbLi/
pocahontas_w13,被單Mermaid Penny🫧,645479709,67,23595,2853,2026-01-14T09:07:50.000Z,false,https://www.instagram.com/p/DTfC5BTk7yf/
colorfulinsideus,兔女狼Rabbit& Wolf,6932460472,34470,1250614,825386,2026-01-12T13:15:37.000Z,false,https://www.instagram.com/p/DTaWVugEskA/
mark.gucci,Mark Lin,1627341014,-1,,,2026-01-07T14:59:22.000Z,false,https://www.instagram.com/p/DTNrRABk7jR/
jenny9ee,Jenny ☺︎ 基隆最美紋繡師,538604016,28,2433,2433,2026-01-07T01:40:24.000Z,false,https://www.instagram.com/p/DTMPjWPj4sv/
hantingl,Hunter,2138223537,78,,,2026-01-02T06:23:23.000Z,false,https://www.instagram.com/p/DS_4PdWkmPW/
louis_0513,皮皮,1537041917,96,4207,3764,2026-01-01T14:27:27.000Z,false,https://www.instagram.com/p/DS-KKaLAWw-/
eddie_fearlesstpe,𝐂𝐨𝐚𝐜𝐡 𝐄𝐝𝐝𝐢𝐞🏋‍♂️,1011781260,138,,,2026-01-01T05:04:21.000Z,false,https://www.instagram.com/p/DS9KZrtifU2/
aabbychi,艾B辣🌶️健媽教練｜健美比基尼👙選手,12790544381,96,,,2025-12-30T02:29:53.000Z,false,https://www.instagram.com/p/DTYFcaRAb1Z/
hungkai.c,Steve,7674161987,4670,223200,156896,2025-12-28T12:26:15.000Z,false,https://www.instagram.com/p/DSzpospksRJ/
hi.this.is.tara,Tara ⚡️,21381868333,-1,,,2025-12-29T15:46:44.000Z,false,https://www.instagram.com/p/DS2liEwj8ZQ/
eatsome_0216,食評紀錄✍🏻 | 記錄各種美食🥰,64714437372,32,,,2025-12-29T09:04:20.000Z,false,https://www.instagram.com/p/DS13eyCEmoQ/
bombomtae,Jamie潔米,7604467588,-1,,,2025-12-28T13:11:55.000Z,false,https://www.instagram.com/p/DSzvBQKkppJ/
peii__01,依沛PEI,4251157631,-1,6046,6046,2025-12-28T12:03:14.000Z,false,https://www.instagram.com/p/DSznAFlEmZ7/
fone11091109,卓昀夆 Fone,723332431,234,9327,8249,2025-12-26T04:27:00.000Z,false,https://www.instagram.com/p/DStpGqhD52A/
o_omikilove,MMiki kuo,248950448,917,,,2025-12-26T04:26:27.000Z,false,https://www.instagram.com/p/DStpSzNk2dI/
choujeffery,Jeffery Chou,1766807165,-1,,,2025-12-25T23:39:16.000Z,false,https://www.instagram.com/p/DStIbcakza8/
bnsooon,Benben｜班班,11413667,304,,,2025-12-25T03:02:09.000Z,false,https://www.instagram.com/p/DSq62hnE6jj/
fitguykai,凱 Kai | I GOT YOU,45204817849,11775,283506,283506,2025-12-22T07:33:55.000Z,false,https://www.instagram.com/p/DSjrgYIk9Y-/
yonehayashi,𝐌𝐈 𝐋𝐈𝐍 (小米),3652099038,9227,142325,142325,2025-12-21T11:54:20.000Z,false,https://www.instagram.com/p/DShjGxhiWXC/
886radio.kin,金,267877595,145,,,2025-12-19T14:38:42.000Z,false,https://www.instagram.com/p/DScty-KD8uc/
kc_hsu1xx8,Keng Chia,2950935300,8638,,,2025-12-19T06:28:58.000Z,false,https://www.instagram.com/p/DSb1wHYkm5L/
queena_caiyi,𝗤𝘂𝗲𝗲𝗻𝗮,52959738124,93,2324,2324,2025-12-19T00:37:37.000Z,false,https://www.instagram.com/p/DSbNcH9Ez-y/
gogoglowcc_,\長頸鹿學姊的健康自煮+健身日記/,52140615569,346,3684,3684,2025-12-18T09:57:29.000Z,false,https://www.instagram.com/p/DSZotFqjTdJ/
louis_0513,皮皮,1537041917,186,5456,4926,2025-12-17T12:49:56.000Z,false,https://www.instagram.com/p/DSXXb57AffS/
daylight.groupbuy,好日選物團購🛍️ 山水｜HARU寶可樂收袋｜伯尼寢具｜雪坊優格｜藍海饌｜禧印印章｜精臣標籤機,72079331824,-1,,,2025-12-16T14:46:48.000Z,false,https://www.instagram.com/p/DSVAVpwAfkf/
daylight.groupbuy,好日選物團購🛍️ 山水｜HARU寶可樂收袋｜伯尼寢具｜雪坊優格｜藍海饌｜禧印印章｜精臣標籤機,72079331824,-1,,,2025-10-22T11:41:43.000Z,false,https://www.instagram.com/p/DQHDb9jAdFz/
foodfood_wei,葳wei的胃256G 🍩美食旅遊分享·台中美食,5666990396,106,,,2025-12-15T11:27:54.000Z,false,https://www.instagram.com/p/DSSEyE6EivL/
kiwi_trainer_athlete,Kiwi ｜Coach｜Paddler｜Crossfitter,1432558119,169,5794,5794,2025-12-15T04:46:50.000Z,false,https://www.instagram.com/p/DSRT-zCEo7I/
justin_zhang930,Justin -賈斯汀,6142712218,3,357,357,2025-12-14T07:51:12.000Z,false,https://www.instagram.com/p/DSPG9S3ES5Q/
yu.o_o,小魚乾乾,339400555,13,1471,1376,2025-12-13T03:57:40.000Z,false,https://www.instagram.com/p/DSMHkSbAVpO/
kellytung21,董孟芸,5553592223,70,3108,3108,2025-12-12T14:36:37.000Z,false,https://www.instagram.com/p/DSKrPOLjxaL/
hans_up25,Hans,716153538,300,,,2025-12-11T11:38:26.000Z,false,https://www.instagram.com/p/DSHyzpeEiH_/
joslife_c,Jøseph,241794547,-1,1516,1516,2025-12-09T05:24:23.000Z,true,https://www.instagram.com/p/DSB6xqfj9TA/
hungkai.c,Steve,7674161987,3771,170954,105803,2025-12-08T11:04:59.000Z,false,https://www.instagram.com/p/DSAAELKkm4e/
yyc_aaron,YI YING,3934804048,-1,,,2025-12-08T04:08:53.000Z,false,https://www.instagram.com/p/DR_Q-bDE0jH/
dj_taiwan.food,DJ美食廣播電台｜台南美食 景點分享 ·͜·♡,41893706186,-1,1994,1994,2025-12-05T12:00:06.000Z,false,https://www.instagram.com/p/DR4YMv1Eusz/
kure._.76,Kure,64119748670,652,23818,23818,2025-12-05T04:14:34.000Z,false,https://www.instagram.com/p/DR3eQpOE0hf/
acrown508,Rick Tsai（狂）,52539871,-1,,,2025-12-04T06:53:20.000Z,false,https://www.instagram.com/p/DR1QndAk2as/
chiuchiu1218,邱求新 MoDeL . OotD . LiFE . Fitness Trainer,2158542024,1475,,,2025-12-03T11:02:45.000Z,false,https://www.instagram.com/p/DRzIXXDkWiO/
tbe_1021,翠比 🥝 Trinity Beckmann,5848285453,4216,109175,109175,2025-12-02T16:31:14.000Z,false,https://www.instagram.com/p/DRxHvAsE-Ws/
jessicabudiyanto,Jessica ♡,35903965,215,,,2025-12-02T13:11:36.000Z,false,https://www.instagram.com/p/DRwyUNDkm7L/
feiwubaby.daily,廢物女友養成日記,71832424990,3,850,850,2025-12-01T10:08:06.000Z,false,https://www.instagram.com/p/DRt4bU1Dy9P/
feiwubaby.daily,廢物女友養成日記,71832424990,454,56928,56928,2025-12-01T09:51:08.000Z,false,https://www.instagram.com/p/DRt2jCiD5kL/
fitguykai,凱 Kai | I GOT YOU,45204817849,14978,302572,302572,2025-12-01T07:58:22.000Z,false,https://www.instagram.com/p/DRtpmRAk2pt/
hungkai.c,Steve,7674161987,56490,1135981,956344,2025-11-29T05:58:37.000Z,false,https://www.instagram.com/p/DRoRYzUEn_K/
claireylin,Claire🌻| Pilates • Lifestyle • Wellness,343903734,228,83636,72062,2025-12-01T03:13:57.000Z,true,https://www.instagram.com/p/DRtI784EnUN/
moon.0215,Moon 沐木🌛,7292070233,-1,,,2025-11-30T09:29:14.000Z,false,https://www.instagram.com/p/DRrPRupEucQ/
eatsome_0216,食評紀錄✍🏻 | 記錄各種美食🥰,64714437372,34,,,2025-11-29T17:51:28.000Z,false,https://www.instagram.com/p/DRpj9VZkjRv/
jill_816,Ada Yang,6841922203,165,,,2025-11-28T12:09:38.000Z,false,https://www.instagram.com/p/DRmYCyQkmsV/
lion_long_gym,Lion🦁️｜雙北自由健身教練｜健體運動員,28151738325,16,1185,1185,2025-11-28T07:29:26.000Z,false,https://www.instagram.com/p/DRl3C04EbQx/
imdoudoubara,𝐃ory®🐻多多巴拉,373488568,389,3931,3931,2025-11-28T06:50:00.000Z,false,https://www.instagram.com/p/DRlzIdUicQ3/
fairyclaire,𝙲𝚕𝚊𝚒𝚛𝚎,1772723,-1,,,2025-11-27T16:17:42.000Z,false,https://www.instagram.com/p/DRkPo35EgP5/
wuligili,WULiGiLi 우리끼리 Between Us 我們之間,10005822097,156,,,2025-11-27T07:59:17.000Z,false,https://www.instagram.com/p/DRjWmWUgSuU/
australia727,Judy,1436793803,51,,,2025-11-27T04:40:32.000Z,true,https://www.instagram.com/p/DRi_2ogkbBY/
alysoonlin,Alyson Lin,1401913620,17,2845,2721,2025-11-26T14:03:18.000Z,false,https://www.instagram.com/p/DRhaeGLkoaj/
yukailin1207,林郁鎧 Lin Yu Kai,603345748,612,29132,10213,2025-11-23T12:42:45.000Z,false,https://www.instagram.com/p/DRZjS-ViUxL/
water.outdoor,Water ｜登山健身教練．登山訓練,3126790955,285,12568,12568,2025-11-23T12:11:52.000Z,false,https://www.instagram.com/p/DRZgOD1ktDk/
ellenlee_fit,Ellen 艾倫｜女教練・健美選手,179010599,24,1456,1218,2025-11-23T05:13:50.000Z,false,https://www.instagram.com/p/DRYwZhdke-W/
kiwi_trainer_athlete,Kiwi ｜Coach｜Paddler｜Crossfitter,1432558119,130,4791,4791,2025-11-23T03:51:07.000Z,false,https://www.instagram.com/p/DRYiAUOkoR-/
lion_long_gym,Lion🦁️｜雙北自由健身教練｜健體運動員,28151738325,51,,,2025-11-21T06:52:05.000Z,false,https://www.instagram.com/p/DRTyI6mEV8V/
liwen_chang0227_,張瓈文장려문 Li wen🐠🐠,493882637,535,12610,12610,2025-11-19T14:17:23.000Z,false,https://www.instagram.com/p/DRPa3heiSZJ/
zachary_chen_1125,Zachary Chen,21855527085,-1,6961,6961,2025-11-18T14:17:32.000Z,false,https://www.instagram.com/p/DRM2VaGE2Dt/
shih.select,小詩,78188753236,0,,,2025-11-18T07:59:44.000Z,false,https://www.instagram.com/p/DRMLfs3k4hV/
zzoe.zooe,Zoė 左衣,179660938,14180,438958,357321,2025-11-14T11:07:52.000Z,false,https://www.instagram.com/p/DRCNoWmk7sp/
hungkai.c,Steve,7674161987,9073,193788,171631,2025-11-14T10:02:06.000Z,false,https://www.instagram.com/p/DRCE7TiEjRZ/
stanleyokay,Stanley Kan,1460939299,202,4851,4774,2025-11-15T06:49:38.000Z,false,https://www.instagram.com/p/DREUo3zkSHC/
louis_0513,皮皮,1537041917,866,,,2025-11-14T06:35:26.000Z,true,https://www.instagram.com/p/DRBuq28gZ5z/
wua.ban,Aban,57653233721,15,1978,1978,2025-11-14T06:14:59.000Z,false,https://www.instagram.com/p/DRBr6lHiSMe/
hungkai.c,Steve,7674161987,55643,1157487,1009407,2025-11-11T11:11:18.000Z,false,https://www.instagram.com/p/DQ6fKqzEho0/
ling_00810,玲玲孕期分享,61810591727,-1,2850,2850,2025-11-13T15:09:27.000Z,false,https://www.instagram.com/p/DRAEPfrk3RA/
pg_fitness_eva,健身教練-Eva,2076761492,17,1439,1320,2025-11-13T14:37:29.000Z,false,https://www.instagram.com/p/DRAAjAKEusx/
bbbbbbooooo8,木木Caitlyn,918379069,120,8512,8512,2025-11-12T06:35:58.000Z,false,https://www.instagram.com/p/DQ8kTDvkzQz/
ciancian_liou,cian bao 孟芊,482774144,-1,36969,31672,2025-11-11T13:21:59.000Z,false,https://www.instagram.com/p/DQ6szi_jx4k/
ddk_evan,Evan,44976341028,5185,80612,64299,2025-11-11T08:46:51.000Z,false,https://www.instagram.com/p/DQ6PGoIk4ec/
hungkai.c,Steve,7674161987,3245,185356,137935,2025-11-10T10:31:30.000Z,false,https://www.instagram.com/p/DQ31mHoEros/
andy200962,皮蛋-吳家毓｜游泳教練,2189627729,234,9421,9421,2025-11-11T01:19:21.000Z,false,https://www.instagram.com/p/DQ5b38kko6A/
tedopher_tw,Ted,7138062326,299,7689,7689,2025-11-10T23:56:38.000Z,false,https://www.instagram.com/p/DQ5Q-HKkysI/
0920.is.mi,黃德玄,49987278734,189,5161,5161,2025-11-10T13:16:10.000Z,false,https://www.instagram.com/p/DQ4HAn5kp6r/
hsin_yu_kuo_,小護士Ruby鹿比｜健美國手・企業健康講師,9787456,607,12196,11302,2025-11-10T12:11:06.000Z,false,https://www.instagram.com/p/DQ4A2XnCWBm/
pei_yao_,Pei Yao ｜我是多莉魚🐟🐟,483073087,-1,,,2025-11-10T09:02:08.000Z,false,https://www.instagram.com/p/DQ3sRuwEjEO/
hungkai.c,Steve,7674161987,34320,911317,713374,2025-11-06T10:41:21.000Z,false,https://www.instagram.com/p/DQtkDAYkiC6/
hungkai.c,Steve,7674161987,3905,151132,132160,2025-11-07T10:10:48.000Z,false,https://www.instagram.com/p/DQwFimREmCU/
rui.miss,Miss 芮,3230075232,21,1750,1686,2025-11-09T17:21:18.000Z,false,https://www.instagram.com/p/DQ1_s-hE7Of/
0920.is.mi,黃德玄,49987278734,227,9518,9518,2025-11-09T10:20:13.000Z,false,https://www.instagram.com/p/DQ1P-PskSQC/
garyli0428,阿力｜台中健身教練,1679684635,50,2169,2169,2025-11-09T10:04:35.000Z,false,https://www.instagram.com/p/DQ1OEygAatB/
chungpeibei,Doris C.🐈｜台中女教練｜體態改造｜皮拉提斯,374869166,51,2361,2361,2025-11-08T15:52:12.000Z,false,https://www.instagram.com/p/DQzQ2uEk7JT/
ezzawoohoo,Ezza 吳秉修 | WNBF Physique Pro & Judge | SNA Sports Nutritionist,55591658,-1,25694,25694,2025-11-08T12:08:30.000Z,false,https://www.instagram.com/p/DQy3SXSE3O-/
anthonylin_1013,林念平 Anthony 🍈基隆 l 健身教練 l 健身工廠,1197682003,28,2046,1833,2025-11-08T04:31:59.000Z,false,https://www.instagram.com/p/DQyDO_Hj6w4/
thisisann6601,怡安,1319826244,249,,,2025-11-07T17:08:37.000Z,false,https://www.instagram.com/p/DQw1kRnEqto/
kure._.76,Kure,64119748670,260,10815,10815,2025-11-07T03:10:00.000Z,false,https://www.instagram.com/p/DQvVoFAE8sQ/
jun.nyes,A-Che阿哲,1490123017,2134,237552,237552,2025-11-07T00:30:00.000Z,false,https://www.instagram.com/p/DQvDWZ9E42p/
diane1111siskin,Diane🪽,7688641240,-1,1249,1249,2025-11-06T13:18:04.000Z,false,https://www.instagram.com/p/DQt2D7oifgj/
jw_aoiyna,Yna 尹娜 🌻,311843504,60,2719,2719,2025-11-06T12:00:00.000Z,false,https://www.instagram.com/p/DQttfwnkuOH/
hans_up25,Hans,716153538,435,,,2025-11-06T11:29:16.000Z,false,https://www.instagram.com/p/DQtp79iku_m/
iamleontw89,Leon,1225961627,451,17011,17011,2025-11-06T08:47:41.000Z,false,https://www.instagram.com/p/DQtXOtGk2nJ/
touyaxiao,Touya  Xiao,1529927076,545,,,2025-11-06T05:44:16.000Z,false,https://www.instagram.com/p/DQtCdAyki03/
weekii_chen,陳彥儒   연유,52208272786,57,,,2025-11-05T16:04:16.000Z,false,https://www.instagram.com/p/DQrknJoj2Ma/
coco__0531,何芯🌺Coco,304251440,339,12000,12000,2025-11-05T14:07:26.000Z,false,https://www.instagram.com/p/DQrWLU-k-3j/
l_troy___,TRoY Bro 特洛伊  🔵,481760463,1391,66313,53031,2025-11-05T13:00:00.000Z,false,https://www.instagram.com/p/DQrPoJkkrA_/
pocahontas_w13,被單Mermaid Penny🫧,645479709,246,20405,5833,2025-11-05T10:09:01.000Z,false,https://www.instagram.com/p/DQq7LbvEsz1/
yihsuan0803,Lydia Lin,463145226,100,1813,1813,2025-11-05T05:06:46.000Z,false,https://www.instagram.com/p/DQqYS1BkipB/
thisiskenyoung,Ken Young,169990,1415,141485,137310,2025-11-05T03:25:41.000Z,false,https://www.instagram.com/p/DQqNu2uj8hB/
cancan_foodaholic,鋁罐很愛吃,45401011389,995,97381,28060,2025-11-02T08:41:02.000Z,false,https://www.instagram.com/p/DQjDTBUEvOZ/
yi_pei__111,1珮𓅿𓅹,6804409353,-1,4047,3829,2025-11-04T13:14:42.000Z,false,https://www.instagram.com/p/DQosQq3kkf9/
leopremiere,Leo道仙人,10202333422,8216,215632,215476,2025-11-04T11:52:13.000Z,false,https://www.instagram.com/p/DQoiyrREn11/
rui.miss,Miss 芮,3230075232,13,2123,2121,2025-11-04T11:36:04.000Z,false,https://www.instagram.com/p/DQohFsIAW_q/
yunting_draw,謝 昀庭,4268646260,155,12295,12295,2025-11-04T10:29:10.000Z,false,https://www.instagram.com/p/DQoYyLuASHO/
yesman_7497,A Feng ☀️,2096464561,1278,61433,61433,2025-11-04T10:00:19.000Z,false,https://www.instagram.com/p/DQoVEy_kuyJ/
77.food,巨鳥胃77 ｜旅遊分享、台北美食、日本旅遊、泰國旅遊,1420855060,-1,246504,240610,2025-11-04T09:26:10.000Z,false,https://www.instagram.com/p/DQoSC91Elql/
11.sns,蕭伊 소이,302282626,2016,161877,156684,2025-11-04T04:33:19.000Z,false,https://www.instagram.com/p/DQnwssSji3W/
flywish13,LIN WAN LING,1550698337,688,30959,21187,2025-11-03T09:19:18.000Z,false,https://www.instagram.com/p/DQlrm0pEy7W/
jane961253054,鄭采潔,19999747,192,5282,4235,2025-11-02T12:32:08.000Z,false,https://www.instagram.com/p/DQjdS4jkvsO/
panay0608,芭奈   |  健身教練,1574175088,9753,319112,137271,2025-11-02T11:35:48.000Z,false,https://www.instagram.com/p/DQjXBRbk9QA/
stanley.aq0628,Stanley Aq,1695568,245,4187,4187,2025-11-02T11:06:39.000Z,false,https://www.instagram.com/p/DQjSlCRiSBd/
joe__0109,周主民,1244249034,56,7329,7329,2025-11-02T10:16:57.000Z,false,https://www.instagram.com/p/DQjN59GErSY/
dennisiam,DeNNiS,720329,-1,14787,14787,2025-11-02T03:49:14.000Z,false,https://www.instagram.com/p/DQigasQkjeU/
cyyyc2003,張盈楹 CHANG Ying Ying,4118555054,-1,,,2025-10-26T09:02:06.000Z,false,https://www.instagram.com/p/DQREWcIDMaO/
ainya_fitness,Ainya | 內湖健身教練⁠,341193556,98,2687,2687,2025-11-01T13:00:00.000Z,false,https://www.instagram.com/p/DQg8Xttktw6/
marculex.origin,瑪斯Marculex,570564164,19,1017,1017,2025-11-01T04:46:06.000Z,false,https://www.instagram.com/p/DQgDrBqkoyq/
sinya_hu,Sinya ☻ ࿎♡̸᩠࿎ ☻,1434478628,-1,,,2025-10-31T11:57:54.000Z,false,https://www.instagram.com/p/DQeQcZHEwXx/
nih0w,蠻尼 Nini,4796774436,181,15807,14691,2025-10-31T04:07:40.000Z,false,https://www.instagram.com/p/DQdZ6DPEWEo/
lauralove0305,蘿拉女孩愛分享🌟,25451165556,537,2934,2863,2025-10-29T13:28:46.000Z,false,https://www.instagram.com/p/DQZQ_AeE4sd/
_i_i_dayday,Yuqi & Bity｜愛愛每一天,48412094795,7423,259959,259959,2025-10-29T13:01:20.000Z,false,https://www.instagram.com/p/DQZOCygkqfE/
mina_820602,𝙈𝙄𝙉𝘼 米娜 ♡,248504124,328,1775,1383,2025-10-28T19:30:40.000Z,false,https://www.instagram.com/p/DQXVtPJk-R7/
kewpiebay,Bébé Liu,997304867,295,1551,1465,2025-10-28T16:55:20.000Z,false,https://www.instagram.com/p/DQXEAxtkzhs/
liyi3,艾咪♡ ᴀᴍʏ,1587780505,404,19107,18742,2025-10-28T12:10:33.000Z,false,https://www.instagram.com/p/DQWhnR7CVg0/
chelsea.chiang,Chelsea Chiang,2296386660,559,66073,65624,2025-10-28T09:45:30.000Z,false,https://www.instagram.com/p/DQWSZoygUiI/
emmabee1235,Roro&兔兔的跑跳人生,2400790644,244,16659,7400,2025-10-28T03:24:34.000Z,false,https://www.instagram.com/p/DQVnEL9D4Dt/
wua.ban,Aban,57653233721,21,,,2025-10-28T02:41:00.000Z,false,https://www.instagram.com/p/DQViU2EiVp4/
atm_tseng,✌🏻😎🏧,15870198,382,20441,20051,2025-10-27T12:46:39.000Z,false,https://www.instagram.com/p/DQUBiNdAbHy/
lizwu_,liz wu,219622632,1522,76744,76452,2025-10-27T11:52:41.000Z,false,https://www.instagram.com/p/DQT8TLeCcBq/
brian_diandan,良成,3020986835,4547,211661,188162,2025-10-27T11:26:16.000Z,false,https://www.instagram.com/p/DQT5A_PEgGQ/
gagaoolala_65179,Novia 營養師,1388408823,57,2378,2258,2025-10-27T10:45:00.000Z,false,https://www.instagram.com/p/DQT1BbXE6yZ/
fitguykai,凱 Kai | I GOT YOU,45204817849,12417,,,2025-10-27T07:03:09.000Z,false,https://www.instagram.com/p/DQTbiBBExi2/
hapi_87711,大家好 我叫哈比Hapi,2109881108,-1,,,2025-10-27T01:51:17.000Z,false,https://www.instagram.com/p/DQS312SEzWy/
uuuseven7,Ü seven,14279450414,399,,,2025-10-26T13:01:51.000Z,false,https://www.instagram.com/p/DQRfyVIkvCx/
peter_and_susan,彼得爸與蘇珊媽,22917989,353,36161,27746,2025-10-26T04:05:27.000Z,false,https://www.instagram.com/p/DQQiCg1kdPn/
willis_climber,朱威,13320597525,70,4517,4466,2025-10-25T12:39:46.000Z,false,https://www.instagram.com/p/DQO4KZMEyi9/
kaii_0421,沈珈妤KAii,2109650844,1188,44754,39960,2025-10-25T11:40:28.000Z,false,https://www.instagram.com/p/DQOxiLNEy86/
liang_730.21,Catie｜高雄運動按摩｜美式整復 💙,644054767,1768,44885,44885,2025-10-25T10:45:00.000Z,false,https://www.instagram.com/p/DQOqkmUE83d/
bbbbbbooooo8,木木Caitlyn,918379069,-1,4944,4944,2025-10-25T05:16:57.000Z,false,https://www.instagram.com/p/DQOEHulk05y/
garyli0428,阿力｜台中健身教練,1679684635,57,2895,2410,2025-10-25T02:31:55.000Z,false,https://www.instagram.com/p/DQNyxq3gX0Y/
diane1111siskin,Diane🪽,7688641240,-1,1332,1332,2025-10-25T00:12:01.000Z,false,https://www.instagram.com/p/DQNh5-fEyMu/
hao._.1222,Hao Liu,597411650,424,20767,19809,2025-10-25T00:00:00.000Z,false,https://www.instagram.com/p/DQNhlk1EgjE/
robert_hung_0404,Robert Hung 洪仕晟,8748727163,1082,34781,34781,2025-10-24T12:00:00.000Z,false,https://www.instagram.com/p/DQMPHwfEvLA/
laiki0613,賴ki / 賴冠云,51685862048,-1,80190,63682,2025-10-24T10:00:24.000Z,false,https://www.instagram.com/p/DQMAxwMDzOJ/
doctor_ireneyeh,小艾醫師𝓘𝓻𝓮𝓷𝓮 𝔂𝓮𝓱,61509397295,35,2158,1536,2025-10-24T04:23:27.000Z,false,https://www.instagram.com/p/DQLaZBwEpkQ/
hungkai.c,Steve,7674161987,1285,305359,209764,2025-10-23T12:46:30.000Z,false,https://www.instagram.com/p/DQJvSECkiWG/
bombomtae,Jamie潔米,7604467588,-1,941,847,2025-10-23T12:35:29.000Z,false,https://www.instagram.com/p/DQJuR3NEhtf/
chialun5,吳嘉倫 Mike,317460166,1045,57614,42213,2025-10-23T10:11:02.000Z,false,https://www.instagram.com/p/DQJdkZrkbBo/
carl.iamyours,卡爾👽,349762757,29,2396,2247,2025-10-23T01:27:16.000Z,false,https://www.instagram.com/p/DQIhls0EucL/
tintin82477,邱婷婷🏋🏻‍♀️混合健身女教練 Crossfitter,5092360296,134,4359,4359,2025-10-22T23:00:00.000Z,false,https://www.instagram.com/p/DQIRF20k5ue/
eatsome_0216,食評紀錄✍🏻 | 記錄各種美食🥰,64714437372,56,,,2025-10-22T09:05:00.000Z,false,https://www.instagram.com/p/DQGxlb2EoXr/
shenjenny,Jenny💗信義自由教練,2022077,92,4260,4260,2025-10-21T16:41:14.000Z,true,https://www.instagram.com/p/DQFAyJlgeWZ/
dochi_0328,萁萁77,625091815,2175,87526,87526,2025-10-21T13:09:37.000Z,false,https://www.instagram.com/p/DQEobCDD9s4/
eatsome_0216,食評紀錄✍🏻 | 記錄各種美食🥰,64714437372,60,609,520,2025-10-21T08:50:00.000Z,false,https://www.instagram.com/p/DQELFY7kmni/
fangyu_muggle,麻瓜方妤,1361824424,780,26205,20106,2025-10-20T12:00:00.000Z,false,https://www.instagram.com/p/DQB7_NvE-W1/
keisha_chun,Wang Keisha,1261297580,23,1573,1200,2025-10-20T10:16:26.000Z,false,https://www.instagram.com/p/DQBsJV0E_X8/
nutrition_90s,nutrition_90s,5081975242,2,371,371,2025-10-20T03:36:01.000Z,false,https://www.instagram.com/p/DQBCOMYjpfj/
_honest_sports,誠實運動Honest Sports ｜ 物理治療 ｜矯正運動 ｜顳顎關節 ｜,16336044527,49,20014,19935,2025-10-19T13:55:31.000Z,false,https://www.instagram.com/p/DP_kL-mCdnV/
eddie_fearlesstpe,𝐂𝐨𝐚𝐜𝐡 𝐄𝐝𝐝𝐢𝐞🏋‍♂️,1011781260,47,2514,2514,2025-10-19T09:09:55.000Z,false,https://www.instagram.com/p/DP_Dp9jCfkU/
timmy.onascreen,Timmy Liu,71493045558,6793,187368,187368,2025-10-18T03:00:00.000Z,false,https://www.instagram.com/p/DP70pWtkuQI/
canyon_fitlife,Canyon ｜ 教練CY的獨語.,588616293,16,1448,1033,2025-10-18T02:49:14.000Z,false,https://www.instagram.com/p/DP7zQrzkhMr/
eatsome_0216,食評紀錄✍🏻 | 記錄各種美食🥰,64714437372,68,,,2025-10-17T08:55:00.000Z,false,https://www.instagram.com/p/DP54fn8EsiV/
fitguykai,凱 Kai | I GOT YOU,45204817849,26118,619708,619708,2025-10-17T07:16:43.000Z,false,https://www.instagram.com/p/DP5s5d9k9hG/
canyon_fitlife,Canyon ｜ 教練CY的獨語.,588616293,33,2082,1547,2025-10-17T06:29:34.000Z,false,https://www.instagram.com/p/DP5m-68EhOV/
pony218.daily,就是波尼,601539672,116,6178,5802,2025-10-17T02:59:09.000Z,false,https://www.instagram.com/p/DP5PigaEsCU/
ddiet_oooo,🍽️飲食日記,68797487259,4,,,2025-10-12T11:25:04.000Z,false,https://www.instagram.com/p/DPtRlUzj7o6/
gogoglowcc_,\長頸鹿學姊的健康自煮+健身日記/,52140615569,289,3619,3244,2025-10-16T10:00:00.000Z,false,https://www.instagram.com/p/DP3bGatiWTv/
247fitness_taiwan,24/7 FITNESS 台灣,71298734368,29,,,2025-10-16T08:39:17.000Z,false,https://www.instagram.com/p/DP3RyjWEmFQ/
max_you_1208,子儀 游,262758267,122,,,2025-10-15T16:38:05.000Z,false,https://www.instagram.com/p/DP1jyh2iYUy/
max_you_1208,子儀 游,262758267,120,3383,3370,2025-10-15T16:34:14.000Z,false,https://www.instagram.com/p/DP1jJrPCf7T/
ddk_evan,Evan,44976341028,11208,204590,204590,2025-10-15T15:36:23.000Z,false,https://www.instagram.com/p/DP1cM82k9IJ/
emily.h.nov,Hsieh ting hsuan （Emily 學姊🙋🏻‍♀️）,289947052,258,16157,14441,2025-10-15T12:30:00.000Z,false,https://www.instagram.com/p/DP1HbC1kn9x/
eatsome_0216,食評紀錄✍🏻 | 記錄各種美食🥰,64714437372,54,,,2025-10-15T08:50:00.000Z,false,https://www.instagram.com/p/DQEJ8avEuIb/
eatsome_0216,食評紀錄✍🏻 | 記錄各種美食🥰,64714437372,53,,,2025-10-14T08:15:00.000Z,false,https://www.instagram.com/p/DQGvULHEp8o/
liwen_chang0227_,張瓈文장려문 Li wen🐠🐠,493882637,129,6299,6299,2025-10-14T07:56:25.000Z,false,https://www.instagram.com/p/DPx_3ZdiZe8/
eatsome_0216,食評紀錄✍🏻 | 記錄各種美食🥰,64714437372,47,,,2025-10-13T08:50:00.000Z,false,https://www.instagram.com/p/DPvkrktkhwC/
strong_lan0409,大力士 × Notion 系統｜周浪,6420518309,126,4191,4191,2025-10-13T05:10:31.000Z,false,https://www.instagram.com/p/DPvLGcBDzg1/
cathy_potato,凱西 馬鈴薯🥔 ℒ𝓊 𝒳𝓊𝒶𝓃,7929052775,-1,,,2025-10-12T11:48:15.000Z,false,https://www.instagram.com/p/DPtUPGOD-4Y/
garyli0428,阿力｜台中健身教練,1679684635,28,1396,1247,2025-10-09T13:00:47.000Z,false,https://www.instagram.com/p/DPltohRgfCG/
landershuk,Ann安,1725986275,-1,11286,11221,2025-10-06T11:56:18.000Z,false,https://www.instagram.com/p/DPd4JjtDyWT/
mark.gucci,Mark Lin,1627341014,588,,,2025-10-06T11:16:48.000Z,false,https://www.instagram.com/p/DPdz3f9E8H7/
fitguykai,凱 Kai | I GOT YOU,45204817849,4262,,,2025-10-06T07:02:16.000Z,false,https://www.instagram.com/p/DPdWvKak4m_/
_kyu.min.bai_,KaiWen  白奎炆,1431312085,-1,,,2025-10-06T03:18:54.000Z,false,https://www.instagram.com/p/DPc9LO5EvKO/
canyon_fitlife,Canyon ｜ 教練CY的獨語.,588616293,15,1183,973,2025-10-04T02:38:57.000Z,false,https://www.instagram.com/p/DPXu6dVFb7G/
carl.iamyours,卡爾👽,349762757,74,3723,3526,2025-10-03T15:39:41.000Z,false,https://www.instagram.com/p/DPWgqXgCtqe/
iju__uuu,賴一如,52526813207,3550,127144,127144,2025-10-03T11:00:00.000Z,false,https://www.instagram.com/p/DPWDpn8D6zI/
jun_199845,Jun鈞鈞🌸,1549618550,76,2448,2122,2025-10-02T15:33:40.000Z,false,https://www.instagram.com/p/DPT9-VHE7gB/
sherry___1109,🍑Sherry,219988000,-1,3448,3448,2025-10-02T05:49:19.000Z,false,https://www.instagram.com/p/DPS6ogNkxAm/
777wei_,七七,1097336108,-1,3339,3339,2025-10-01T14:15:02.000Z,false,https://www.instagram.com/p/DPRPR4ZClcJ/
ddiet_oooo,🍽️飲食日記,68797487259,6,,,2025-09-30T17:06:55.000Z,false,https://www.instagram.com/p/DPO_KicD2if/
hsuannn1121,Hsuannn,999291702,-1,,,2025-09-30T14:30:00.000Z,false,https://www.instagram.com/p/DPOtTJ1kalB/
jammy_0806,𝓙𝓪𝓶𝓶𝔂 •᷄ࡇ•᷅,1670202442,-1,,,2025-09-30T09:30:00.000Z,false,https://www.instagram.com/p/DPOK833DqNB/
hans_up25,Hans,716153538,297,,,2025-09-30T09:05:22.000Z,false,https://www.instagram.com/p/DPOIDiEEtKx/
kure._.76,Kure,64119748670,96,7286,7286,2025-09-30T02:50:00.000Z,false,https://www.instagram.com/p/DPNdLmXEyyC/
fitguykai,凱 Kai | I GOT YOU,45204817849,7284,161270,161270,2025-09-29T07:01:21.000Z,false,https://www.instagram.com/p/DPLU1iKE0ti/
jamie.huang_,黃婕甯Jamie,574055423,109,4607,4607,2025-09-28T13:00:37.000Z,false,https://www.instagram.com/p/DPJZNCWgRaS/
moon.0215,Moon 沐木🌛,7292070233,-1,,,2025-09-28T11:35:52.000Z,false,https://www.instagram.com/p/DPJPsIdkg-C/
stanley.aq0628,Stanley Aq,1695568,161,,,2025-09-27T03:30:00.000Z,false,https://www.instagram.com/p/DPFzXlnCXhN/
lyjjjen,藝臻 Jane,545600748,2077,62098,46975,2025-09-26T14:38:01.000Z,false,https://www.instagram.com/p/DPEaboiEj7o/
frank_hu_,Frank Hu,1562363252,462,,,2025-09-26T10:08:25.000Z,false,https://www.instagram.com/p/DPD8F3jEr18/
zj5273,鈞鈞,26815683,41,,,2025-09-26T05:37:09.000Z,false,https://www.instagram.com/p/DPDdDGgkQ3a/
pocahontas_w13,被單Mermaid Penny🫧,645479709,151,16033,4582,2025-09-25T13:24:10.000Z,false,https://www.instagram.com/p/DPBsJyek0Sy/
shootingstar__35,Kevin Law,445514024,5380,156977,156977,2025-09-25T12:00:00.000Z,false,https://www.instagram.com/p/DPBkF0KkUNE/
eatsome_0216,食評紀錄✍🏻 | 記錄各種美食🥰,64714437372,48,,,2025-09-25T08:25:00.000Z,false,https://www.instagram.com/p/DPBLjwiEmLL/
ellie.happyeatnfit,Ellie 艾莉,48916899814,-1,3831,3831,2025-09-24T12:39:28.000Z,false,https://www.instagram.com/p/DO_CsQ_kf6m/
canyon_fitlife,Canyon ｜ 教練CY的獨語.,588616293,27,,,2025-09-24T12:01:20.000Z,false,https://www.instagram.com/p/DO-_bLYEmA2/
melody.c.yun,韓媳 Melody帶娃中  ✈️ 𝐂𝐡𝐢𝐡𝐘𝐮𝐧,564623812,1662,86440,86440,2025-09-23T13:14:35.000Z,false,https://www.instagram.com/p/DO8i4eYAYoW/
lauralove0305,蘿拉女孩愛分享🌟,25451165556,518,,,2025-09-22T11:42:57.000Z,false,https://www.instagram.com/p/DO5zuuWE5Do/
zoeating_day,Zoey 飲食．日常．紀錄,52561920780,181,,,2025-09-22T11:41:00.000Z,false,https://www.instagram.com/p/DO5zgfLE6V9/
keisha_chun,Wang Keisha,1261297580,27,1238,1233,2025-09-22T10:28:04.000Z,false,https://www.instagram.com/p/DO5pZ4eE0_b/
amorfatich,YYC｜Bonnie 拳擊小狗🐕,601078676,129,,,2025-09-22T09:08:54.000Z,false,https://www.instagram.com/p/DO5iGeskTdA/
fitguykai,凱 Kai | I GOT YOU,45204817849,6763,200228,200228,2025-09-22T07:04:00.000Z,false,https://www.instagram.com/p/DO5Tmovk5Bc/
zoeating_day,Zoey 飲食．日常．紀錄,52561920780,238,,,2025-09-21T14:13:18.000Z,false,https://www.instagram.com/p/DO3gJH0k41t/
kuchialun,古佳倫 KU CHIA-LUN,69677251186,-1,,,2025-09-20T08:18:47.000Z,false,https://www.instagram.com/p/DO0Sxk0jz_X/
_achi_ysc0517,阿綺🌼｜體脂21%抗發炎小天才,55057609470,-1,2992,2992,2025-09-19T10:27:41.000Z,false,https://www.instagram.com/p/DOx7Y0eEtP6/
rina.tw,Rina,1023823643,-1,2175,1465,2025-09-19T08:24:40.000Z,false,https://www.instagram.com/p/DOxs-CGD2g7/
chine_ning,子寗 ♡｜特殊色染髮｜波浪捲·層次燙,918160442,225,,,2025-09-18T12:48:48.000Z,false,https://www.instagram.com/p/DOvoFmAEjzz/
